"ARTICOLO__C","CREATEDBYID","CREATEDDATE","GRUPPO__C","ID","ISDELETED","LASTMODIFIEDBYID","LASTMODIFIEDDATE","LASTREFERENCEDDATE","LASTVIEWEDDATE","NAME","OWNERID","SYSTEMMODSTAMP"
"a0Y1n00000HQgKuEAL","0050Y000002b7vuQAA","2019-11-12T13:59:55.000Z","a0j1n00000BDAaqAAH","a0a1n000009sQkUAAU","false","0050Y000002b7vuQAA","2019-11-12T13:59:55.000Z","","","GA-00000015","0050Y000002b7vuQAA","2019-11-12T13:59:55.000Z"
"a0Y1n00000HQgYQEA1","0050Y000002b7vuQAA","2019-11-12T14:08:21.000Z","a0j1n00000BDAaqAAH","a0a1n000009sQqWAAU","false","0050Y000002b7vuQAA","2019-11-12T14:08:21.000Z","","","GA-00000016","0050Y000002b7vuQAA","2019-11-12T14:08:21.000Z"
"a0Y1n00000HdITYEA3","0050Y000000NtQOQA0","2019-08-28T07:42:14.000Z","a0j1n00000BDAaqAAH","a0a1n00000Ae29DAAR","false","0050Y000000NtQOQA0","2019-08-28T14:39:33.000Z","2022-07-01T14:20:28.000Z","2022-07-01T14:20:28.000Z","GA-00000000","0050Y000000NtQOQA0","2019-08-28T14:39:33.000Z"
"a0Y1n00000HdITZEA3","0050Y000000NtQOQA0","2019-08-28T07:42:38.000Z","a0j1n00000BDAaqAAH","a0a1n00000Ae29XAAR","false","0050Y000001Te0YQAS","2019-09-02T08:27:44.000Z","","","GA-00000001","0050Y000000NtQOQA0","2019-09-02T08:27:44.000Z"
"a0Y1n00000HdITaEAN","0050Y000000NtQOQA0","2019-08-28T14:40:53.000Z","a0j1n00000BDAaqAAH","a0a1n00000Ae3whAAB","false","0050Y000000NtQOQA0","2019-08-28T14:40:53.000Z","","","GA-00000002","0050Y000000NtQOQA0","2019-08-28T14:40:53.000Z"
"a0Y1n00000HdITbEAN","0050Y000000NtQOQA0","2019-08-28T14:42:16.000Z","a0j1n00000BDAarAAH","a0a1n00000Ae3wwAAB","false","0050Y000000NtQOQA0","2019-08-28T14:42:16.000Z","","","GA-00000004","0050Y000000NtQOQA0","2019-08-28T14:42:16.000Z"
"a0Y1n00000HdITcEAN","0050Y000000NtQOQA0","2019-08-28T14:42:47.000Z","a0j1n00000BDAaqAAH","a0a1n00000Ae3x1AAB","false","0050Y000000NtQOQA0","2019-08-28T14:42:47.000Z","","","GA-00000005","0050Y000000NtQOQA0","2019-08-28T14:42:47.000Z"
"a0Y1n00000Hdx0IEAR","0050Y000001TnJ2QAK","2019-09-11T08:26:41.000Z","a0j1n00000BDAarAAH","a0a1n00000AfPqVAAV","false","0050Y000001TnJ2QAK","2019-09-11T08:26:41.000Z","","","GA-00000006","0050Y000001TnJ2QAK","2019-09-11T08:26:41.000Z"
"a0Y1n00000HdxRZEAZ","0050Y000001TnJ2QAK","2019-09-11T11:19:15.000Z","a0j1n00000BDAarAAH","a0a1n00000AfQHTAA3","false","0050Y000001TnJ2QAK","2019-09-11T11:19:15.000Z","","","GA-00000007","0050Y000001TnJ2QAK","2019-09-11T11:19:15.000Z"
"a0Y1n00000HdxjzEAB","0050Y000001TnJ2QAK","2019-09-11T13:10:50.000Z","a0j1n00000BDAaqAAH","a0a1n00000AfQkEAAV","false","0050Y000001TnJ2QAK","2019-09-11T13:10:50.000Z","","","GA-00000008","0050Y000001TnJ2QAK","2019-09-11T13:10:50.000Z"
"a0Y1n00000Gknn8EAB","0050Y000002b7vuQAA","2019-10-11T11:26:48.000Z","a0j1n00000BDAaqAAH","a0a1n00000ApfjiAAB","false","0050Y000002b7vuQAA","2019-10-11T11:26:48.000Z","","","GA-00000009","0050Y000002b7vuQAA","2019-10-11T11:26:48.000Z"
"a0Y1n00000GlLI6EAN","0050Y000002b7vuQAA","2019-10-17T14:45:20.000Z","a0j1n00000BDAaqAAH","a0a1n00000AqHqtAAF","false","0050Y000002b7vuQAA","2019-10-17T14:45:20.000Z","","","GA-00000010","0050Y000002b7vuQAA","2019-10-17T14:45:20.000Z"
"a0Y1n00000GlRZyEAN","0050Y000002b7vuQAA","2019-10-18T09:35:36.000Z","a0j1n00000BDAaqAAH","a0a1n00000AqNlwAAF","false","0050Y000002b7vuQAA","2019-10-18T09:35:36.000Z","","","GA-00000011","0050Y000002b7vuQAA","2019-10-18T09:35:36.000Z"
"a0Y1n00000GlRpuEAF","0050Y000002b7vuQAA","2019-10-18T10:22:44.000Z","a0j1n00000BDAaqAAH","a0a1n00000AqNwsAAF","false","0050Y000002b7vuQAA","2019-10-18T10:22:44.000Z","","","GA-00000012","0050Y000002b7vuQAA","2019-10-18T10:22:44.000Z"
"a0Y1n00000GlSEJEA3","0050Y000002b7vuQAA","2019-10-18T10:58:44.000Z","a0j1n00000BDAaqAAH","a0a1n00000AqNzIAAV","false","0050Y000002b7vuQAA","2019-10-18T10:58:44.000Z","","","GA-00000013","0050Y000002b7vuQAA","2019-10-18T10:58:44.000Z"
"a0Y1n00000GlpW8EAJ","0050Y000002b7vuQAA","2019-10-22T16:17:29.000Z","a0j1n00000BDAaqAAH","a0a1n00000AqqjbAAB","false","0050Y000002b7vuQAA","2019-10-22T16:17:29.000Z","","","GA-00000014","0050Y000002b7vuQAA","2019-10-22T16:17:29.000Z"
"a0Y1n00000HQqDfEAL","0050Y000002b7vuQAA","2019-11-13T14:28:23.000Z","a0j1n00000BDAaqAAH","a0a1n00000BIk82AAD","false","0050Y000002b7vuQAA","2019-11-13T14:28:23.000Z","","","GA-00000017","0050Y000002b7vuQAA","2019-11-13T14:28:23.000Z"
"a0Y1n00000HQqfFEAT","0050Y000002b7vuQAA","2019-11-14T12:59:10.000Z","a0j1n00000BDAaqAAH","a0a1n00000BJ4GkAAL","false","0050Y000002b7vuQAA","2019-11-14T12:59:10.000Z","","","GA-00000018","0050Y000002b7vuQAA","2019-11-14T12:59:10.000Z"
"a0Y1n00000HQqhVEAT","0050Y000002b7vuQAA","2019-11-14T13:32:11.000Z","a0j1n00000BDAaqAAH","a0a1n00000BJ4VdAAL","false","0050Y000002b7vuQAA","2019-11-14T13:32:11.000Z","","","GA-00000019","0050Y000002b7vuQAA","2019-11-14T13:32:11.000Z"
"a0Y1n00000IHAXxEAP","0050Y000002b7vuQAA","2019-11-26T17:41:13.000Z","a0j1n00000BDAaqAAH","a0a1n00000BMZZuAAP","false","0050Y000002b7vuQAA","2019-11-26T17:41:13.000Z","","","GA-00000020","0050Y000002b7vuQAA","2019-11-26T17:41:13.000Z"
"a0Y1n00000IHTeXEAX","0050Y000002b7vuQAA","2019-11-28T14:03:37.000Z","a0j1n00000BDAaqAAH","a0a1n00000BMnywAAD","false","0050Y000002b7vuQAA","2019-11-28T14:03:37.000Z","","","GA-00000021","0050Y000002b7vuQAA","2019-11-28T14:03:37.000Z"
"a0Y1n00000IHrbIEAT","0050Y000002b7vuQAA","2019-12-03T08:50:19.000Z","a0j1n00000BDAaqAAH","a0a1n00000BZzDDAA1","false","0050Y000002b7vuQAA","2019-12-03T08:50:19.000Z","","","GA-00000022","0050Y000002b7vuQAA","2019-12-03T08:50:19.000Z"
"a0Y1n00000IHsCNEA1","0050Y000002b7vuQAA","2019-12-03T10:02:37.000Z","a0j1n00000BDAaqAAH","a0a1n00000BZzqLAAT","false","0050Y000002b7vuQAA","2019-12-03T10:02:37.000Z","","","GA-00000023","0050Y000002b7vuQAA","2019-12-03T10:02:37.000Z"
"a0Y1n00000IHsOiEAL","0050Y000002b7vuQAA","2019-12-03T10:29:01.000Z","a0j1n00000BDAaqAAH","a0a1n00000Ba04SAAR","false","0050Y000002b7vuQAA","2019-12-03T10:29:01.000Z","","","GA-00000024","0050Y000002b7vuQAA","2019-12-03T10:29:01.000Z"
"a0Y1n00000IJRSvEAP","0050Y000002b7vuQAA","2019-12-17T13:50:06.000Z","a0j1n00000BDAaqAAH","a0a1n00000BiGqrAAF","false","0050Y000002b7vuQAA","2019-12-17T13:50:06.000Z","","","GA-00000025","0050Y000002b7vuQAA","2019-12-17T13:50:06.000Z"
"a0Y1n00000IKgVhEAL","0050Y000002b7vuQAA","2019-12-31T08:12:00.000Z","a0j1n00000BDAaqAAH","a0a1n00000BqSZHAA3","false","0050Y000002b7vuQAA","2019-12-31T08:12:00.000Z","","","GA-00000026","0050Y000002b7vuQAA","2019-12-31T08:12:00.000Z"
"a0Y1n00000Ic1B1EAJ","0050Y000002b7vuQAA","2020-02-11T15:42:02.000Z","a0j1n00000BDAaqAAH","a0a1n00000C8DhdAAF","false","0050Y000002b7vuQAA","2020-02-11T15:42:02.000Z","","","GA-00000027","0050Y000002b7vuQAA","2020-02-11T15:42:02.000Z"
"a0Y1n00000IXcxJEAT","0050Y000002b7vuQAA","2020-02-17T13:32:23.000Z","a0j1n00000BDAaqAAH","a0a1n00000C9923AAB","false","0050Y000002b7vuQAA","2020-02-17T13:32:23.000Z","","","GA-00000028","0050Y000002b7vuQAA","2020-02-17T13:32:23.000Z"
"a0Y1n00000Id9FZEAZ","0050Y000002b7vuQAA","2020-02-21T13:51:29.000Z","a0j1n00000BDAaqAAH","a0a1n00000C9dD0AAJ","false","0050Y000002b7vuQAA","2020-02-21T13:51:29.000Z","","","GA-00000029","0050Y000002b7vuQAA","2020-02-21T13:51:29.000Z"
"a0Y1n00000Id9XHEAZ","0050Y000002b7vuQAA","2020-02-21T14:52:04.000Z","a0j1n00000BDAaqAAH","a0a1n00000C9dOZAAZ","false","0050Y000002b7vuQAA","2020-02-21T14:52:04.000Z","","","GA-00000030","0050Y000002b7vuQAA","2020-02-21T14:52:04.000Z"
"a0Y1n00000Id9xhEAB","0050Y000002b7vuQAA","2020-02-21T16:36:21.000Z","a0j1n00000BDAaqAAH","a0a1n00000C9k3iAAB","false","0050Y000002b7vuQAA","2020-02-21T16:36:21.000Z","","","GA-00000031","0050Y000002b7vuQAA","2020-02-21T16:36:21.000Z"
"a0Y1n00000Idc9JEAR","0050Y000002b7vuQAA","2020-02-26T11:58:24.000Z","a0j1n00000BDAaqAAH","a0a1n00000CAUnGAAX","false","0050Y000002b7vuQAA","2020-02-26T11:58:24.000Z","","","GA-00000032","0050Y000002b7vuQAA","2020-02-26T11:58:24.000Z"
"a0Y1n00000Ie5s7EAB","0050Y000002b7vuQAA","2020-03-03T08:05:19.000Z","a0j1n00000BDAaqAAH","a0a1n00000CJhUIAA1","false","0050Y000002b7vuQAA","2020-03-03T08:05:28.000Z","","","GA-00000033","0050Y000002b7vuQAA","2020-03-03T08:05:28.000Z"
"a0Y1n00000Ieb1JEAR","0050Y000002b7vuQAA","2020-03-06T10:23:07.000Z","a0j1n00000BDAaqAAH","a0a1n00000CKDfWAAX","false","0050Y000002b7vuQAA","2020-03-06T10:23:07.000Z","","","GA-00000034","0050Y000002b7vuQAA","2020-03-06T10:23:07.000Z"
"a0Y1n00000IfKKREA3","0050Y000002b7vuQAA","2020-03-16T11:18:29.000Z","a0j1n00000BDAaqAAH","a0a1n00000CMT2IAAX","false","0050Y000002b7vuQAA","2020-03-16T11:18:29.000Z","","","GA-00000035","0050Y000002b7vuQAA","2020-03-16T11:18:29.000Z"
"a0Y1n00000IfgEREAZ","0050Y000002b7vuQAA","2020-03-18T18:22:59.000Z","a0j1n00000BDAaqAAH","a0a1n00000CNVHUAA5","false","0050Y000002b7vuQAA","2020-03-18T18:22:59.000Z","","","GA-00000036","0050Y000002b7vuQAA","2020-03-18T18:22:59.000Z"
"a0Y1n00000IpK1mEAF","0050Y000002b7vuQAA","2020-04-05T08:35:32.000Z","a0j1n00000BDAaqAAH","a0a1n00000Cee74AAB","false","0050Y000002b7vuQAA","2020-04-05T08:35:32.000Z","","","GA-00000037","0050Y000002b7vuQAA","2020-04-05T08:35:32.000Z"
"a0Y1n00000IpbTOEAZ","0050Y000002b7vuQAA","2020-04-09T16:06:37.000Z","a0j1n00000BDAaqAAH","a0a1n00000CfAg0AAF","false","0050Y000002b7vuQAA","2020-04-09T16:06:37.000Z","","","GA-00000038","0050Y000002b7vuQAA","2020-04-09T16:06:37.000Z"
"a0Y1n00000IpxQQEAZ","0050Y000002b7vuQAA","2020-04-16T09:45:19.000Z","a0j1n00000BDAb4AAH","a0a1n00000Cgb7GAAR","false","0050Y000002b7vuQAA","2020-04-16T09:45:19.000Z","","","GA-00000039","0050Y000002b7vuQAA","2020-04-16T09:45:19.000Z"
"a0Y1n00000IpyhDEAR","0050Y000001Te0YQAS","2020-04-17T07:48:57.000Z","a0j1n00000BRuaZAAT","a0a1n00000CghrdAAB","false","0050Y000001Te0YQAS","2020-04-17T08:06:20.000Z","","","GA-00000041","0050Y000001Te0YQAS","2020-04-17T08:06:20.000Z"
"a0Y1n00000IqgRuEAJ","0050Y000002b7vuQAA","2020-04-23T14:21:41.000Z","a0j1n00000BDAarAAH","a0a1n00000ChMBNAA3","false","0050Y000002b7vuQAA","2020-04-23T14:21:41.000Z","","","GA-00000042","0050Y000002b7vuQAA","2020-04-23T14:21:41.000Z"
"a0Y1n00000Ir08TEAR","0050Y000002b7vuQAA","2020-04-29T12:35:42.000Z","a0j1n00000BDAaqAAH","a0a1n00000Ci2aXAAR","false","0050Y000002b7vuQAA","2020-04-29T12:35:42.000Z","","","GA-00000043","0050Y000002b7vuQAA","2020-04-29T12:35:42.000Z"
"a0Y1n00000IrLYPEA3","0050Y000002b7vuQAA","2020-05-05T07:00:23.000Z","a0j1n00000BDAaqAAH","a0a1n00000Cit6UAAR","false","0050Y000002b7vuQAA","2020-05-05T07:00:23.000Z","","","GA-00000044","0050Y000002b7vuQAA","2020-05-05T07:00:23.000Z"
"a0Y1n00000IrN5JEAV","0050Y000002b7vuQAA","2020-05-05T11:35:06.000Z","a0j1n00000BDAaqAAH","a0a1n00000Cjg5rAAB","false","0050Y000002b7vuQAA","2020-05-05T11:35:06.000Z","","","GA-00000045","0050Y000002b7vuQAA","2020-05-05T11:35:06.000Z"
"a0Y1n00000IrkoDEAR","0050Y000002b7vuQAA","2020-05-11T17:20:02.000Z","a0j1n00000BDAb4AAH","a0a1n00000CkMYIAA3","false","0050Y000002b7vuQAA","2020-05-11T17:20:19.000Z","","","GA-00000046","0050Y000002b7vuQAA","2020-05-11T17:20:19.000Z"
"a0Y1n00000Iro0HEAR","0050Y000002b7vuQAA","2020-05-12T10:03:56.000Z","a0j1n00000BRuaYAAT","a0a1n00000CkNQdAAN","false","0050Y000002b7vuQAA","2020-05-21T13:36:34.000Z","","","GA-00000047","0050Y000002b7vuQAA","2020-05-21T13:36:34.000Z"
"a0Y1n00000J1GArEAN","0050Y000002b7vuQAA","2020-05-18T11:53:28.000Z","a0j1n00000BDAb4AAH","a0a1n00000Cl0C9AAJ","false","0050Y000002b7vuQAA","2020-05-18T11:53:28.000Z","","","GA-00000048","0050Y000002b7vuQAA","2020-05-18T11:53:28.000Z"
"a0Y1n00000J3BuvEAF","0050Y000002b7vuQAA","2020-06-04T08:51:03.000Z","a0j1n00000BDAarAAH","a0a1n00000CmjJKAAZ","false","0050Y000002b7vuQAA","2020-06-04T08:51:03.000Z","","","GA-00000050","0050Y000002b7vuQAA","2020-06-04T08:51:03.000Z"
"a0Y1n00000J3lKKEAZ","0050Y000002b7vuQAA","2020-06-11T15:48:50.000Z","a0j1n00000BDAarAAH","a0a1n00000Cvv49AAB","false","0050Y000002b7vuQAA","2020-06-11T15:48:50.000Z","","","GA-00000051","0050Y000002b7vuQAA","2020-06-11T15:48:50.000Z"
"a0Y1n00000J4mfzEAB","0050Y000002b7vuQAA","2020-06-23T15:17:15.000Z","a0j1n00000BDAaqAAH","a0a1n00000Cx23EAAR","false","0050Y000002b7vuQAA","2020-06-23T15:17:15.000Z","","","GA-00000052","0050Y000002b7vuQAA","2020-06-23T15:17:15.000Z"
"a0Y1n00000JAELnEAP","0050Y000002b7vuQAA","2020-07-02T09:45:04.000Z","a0j1n00000BDAaqAAH","a0a1n00000CxyWkAAJ","false","0050Y000002b7vuQAA","2020-07-02T09:45:04.000Z","","","GA-00000053","0050Y000002b7vuQAA","2020-07-02T09:45:04.000Z"
"a0Y1n00000JAVEwEAP","0050Y000002b7vuQAA","2020-07-06T08:33:11.000Z","a0j1n00000BDAb4AAH","a0a1n00000CyJT2AAN","false","0050Y000002b7vuQAA","2020-07-06T08:33:11.000Z","","","GA-00000054","0050Y000002b7vuQAA","2020-07-06T08:33:11.000Z"
"a0Y1n00000JAoDJEA1","0050Y000002b7vuQAA","2020-07-09T12:42:54.000Z","a0j1n00000BDAaqAAH","a0a1n00000CyZ5yAAF","false","0050Y000002b7vuQAA","2020-07-09T12:42:54.000Z","","","GA-00000055","0050Y000002b7vuQAA","2020-07-09T12:42:54.000Z"
"a0Y1n00000JAtbCEAT","0050Y000002b7vuQAA","2020-07-10T12:18:34.000Z","a0j1n00000BDAaqAAH","a0a1n00000CyeQkAAJ","false","0050Y000002b7vuQAA","2020-07-10T12:18:34.000Z","","","GA-00000056","0050Y000002b7vuQAA","2020-07-10T12:18:34.000Z"
"a0Y1n00000JB36TEAT","0050Y000002b7vuQAA","2020-07-13T12:27:34.000Z","a0j1n00000BDAb4AAH","a0a1n00000CytS9AAJ","false","0050Y000002b7vuQAA","2020-07-13T12:27:34.000Z","","","GA-00000057","0050Y000002b7vuQAA","2020-07-13T12:27:34.000Z"
"a0Y1n00000JB6sMEAT","0050Y000002b7vuQAA","2020-07-14T07:29:58.000Z","a0j1n00000BDAarAAH","a0a1n00000CyyT2AAJ","false","0050Y000002b7vuQAA","2020-07-14T07:29:58.000Z","","","GA-00000058","0050Y000002b7vuQAA","2020-07-14T07:29:58.000Z"
"a0Y1n00000JBHljEAH","0050Y000002b7vuQAA","2020-07-16T07:39:38.000Z","a0j1n00000BDAarAAH","a0a1n00000Cz9e4AAB","false","0050Y000002b7vuQAA","2020-07-16T07:42:38.000Z","","","GA-00000059","0050Y000002b7vuQAA","2020-07-16T07:42:38.000Z"
"a0Y1n00000JBKLzEAP","0050Y000002b7vuQAA","2020-07-16T15:40:54.000Z","a0j1n00000BDAaqAAH","a0a1n00000CzEolAAF","false","0050Y000002b7vuQAA","2020-07-16T15:40:54.000Z","","","GA-00000060","0050Y000002b7vuQAA","2020-07-16T15:40:54.000Z"
"a0Y1n00000JCTZ1EAP","0050Y000002b7vuQAA","2020-07-31T13:11:11.000Z","a0j1n00000BDAaqAAH","a0a1n00000D8nEkAAJ","false","0050Y000002b7vuQAA","2020-07-31T13:11:11.000Z","","","GA-00000061","0050Y000002b7vuQAA","2020-07-31T13:11:11.000Z"
"a0Y1n00000J7g7PEAR","0050Y000002b7vuQAA","2020-08-25T14:26:53.000Z","a0j1n00000BDAaqAAH","a0a1n00000DM7lcAAD","false","0050Y000002b7vuQAA","2020-08-25T14:26:53.000Z","","","GA-00000062","0050Y000002b7vuQAA","2020-08-25T14:26:53.000Z"
"a0Y1n00000J7pK8EAJ","0050Y000002b7vuQAA","2020-08-28T13:14:16.000Z","a0j1n00000BDAb4AAH","a0a1n00000DMTxmAAH","false","0050Y000002b7vuQAA","2020-08-28T13:14:16.000Z","","","GA-00000063","0050Y000002b7vuQAA","2020-08-28T13:14:16.000Z"
"a0Y1n00000J8338EAB","0050Y000002b7vuQAA","2020-09-02T19:09:46.000Z","a0j1n00000BDAaqAAH","a0a1n00000DN7vzAAD","false","0050Y000002b7vuQAA","2020-09-02T19:09:46.000Z","","","GA-00000064","0050Y000002b7vuQAA","2020-09-02T19:09:46.000Z"
"a0Y1n00000J87RDEAZ","0050Y000002b7vuQAA","2020-09-04T07:48:56.000Z","a0j1n00000BDAarAAH","a0a1n00000DNFhBAAX","false","0050Y000002b7vuQAA","2020-09-04T07:48:56.000Z","","","GA-00000065","0050Y000002b7vuQAA","2020-09-04T07:48:56.000Z"
"a0Y1n00000J88HhEAJ","0050Y000002b7vuQAA","2020-09-04T12:59:59.000Z","a0j1n00000BDAarAAH","a0a1n00000DNGL9AAP","false","0050Y000002b7vuQAA","2020-09-04T12:59:59.000Z","","","GA-00000066","0050Y000002b7vuQAA","2020-09-04T12:59:59.000Z"
"a0Y1n00000J8D8yEAF","0050Y000002b7vuQAA","2020-09-07T12:20:21.000Z","a0j1n00000BDAaqAAH","a0a1n00000DNZPbAAP","false","0050Y000002b7vuQAA","2020-09-07T12:20:21.000Z","","","GA-00000067","0050Y000002b7vuQAA","2020-09-07T12:20:21.000Z"
"a0Y1n00000J8N7NEAV","0050Y000002b7vuQAA","2020-09-10T14:04:56.000Z","a0j1n00000BDAb4AAH","a0a1n00000DNw4tAAD","false","0050Y000002b7vuQAA","2020-09-10T14:04:56.000Z","","","GA-00000068","0050Y000002b7vuQAA","2020-09-10T14:04:56.000Z"
"a0Y1n00000J8NAKEA3","0050Y000002b7vuQAA","2020-09-10T14:26:30.000Z","a0j1n00000BDAaqAAH","a0a1n00000DNw91AAD","false","0050Y000002b7vuQAA","2020-09-10T14:26:30.000Z","","","GA-00000069","0050Y000002b7vuQAA","2020-09-10T14:26:30.000Z"
"a0Y1n00000J8UQVEA3","0050Y000002b7vuQAA","2020-09-14T09:59:06.000Z","a0j1n00000BDAaqAAH","a0a1n00000DOLIRAA5","false","0050Y000002b7vuQAA","2020-09-14T09:59:06.000Z","","","GA-00000070","0050Y000002b7vuQAA","2020-09-14T09:59:06.000Z"
"a0Y1n00000J8gQQEAZ","0050Y000002b7vuQAA","2020-09-18T10:07:40.000Z","a0j1n00000BDAaqAAH","a0a1n00000DT1y7AAD","false","0050Y000002b7vuQAA","2020-09-18T10:07:40.000Z","","","GA-00000071","0050Y000002b7vuQAA","2020-09-18T10:07:40.000Z"
"a0Y1n00000J8lfUEAR","0050Y000002b7vuQAA","2020-09-18T10:19:15.000Z","a0j1n00000BDAaqAAH","a0a1n00000DT1y8AAD","false","0050Y000002b7vuQAA","2020-09-21T13:20:29.000Z","","","GA-00000073","0050Y000002b7vuQAA","2020-09-21T13:20:29.000Z"
"a0Y1n00000J8gSCEAZ","0050Y000002b7vuQAA","2020-09-18T10:14:35.000Z","a0j1n00000BDAaqAAH","a0a1n00000DT1z7AAD","false","0050Y000002b7vuQAA","2020-09-18T10:15:34.000Z","","","GA-00000072","0050Y000002b7vuQAA","2020-09-18T10:15:34.000Z"
"a0Y1n00000J9MxZEAV","0050Y000002b7vuQAA","2020-10-05T16:08:31.000Z","a0j1n00000BDAb4AAH","a0a1n00000DWFOHAA5","false","0050Y000002b7vuQAA","2020-10-05T16:08:31.000Z","","","GA-00000074","0050Y000002b7vuQAA","2020-10-05T16:08:31.000Z"
"a0Y1n00000J9PWtEAN","0050Y000002b7vuQAA","2020-10-06T11:49:55.000Z","a0j1n00000BDAb4AAH","a0a1n00000DWHFNAA5","false","0050Y000002b7vuQAA","2020-10-06T11:49:55.000Z","","","GA-00000075","0050Y000002b7vuQAA","2020-10-06T11:49:55.000Z"
"a0Y1n00000JM76JEAT","0050Y000002b7vuQAA","2020-10-08T16:29:35.000Z","a0j1n00000BDAaqAAH","a0a1n00000DWboRAAT","false","0050Y000002b7vuQAA","2020-10-08T16:29:35.000Z","","","GA-00000076","0050Y000002b7vuQAA","2020-10-08T16:29:35.000Z"
"a0Y1n00000JMCEZEA5","0050Y000002b7vuQAA","2020-10-12T06:56:19.000Z","a0j1n00000BDAaqAAH","a0a1n00000DWujjAAD","false","0050Y000002b7vuQAA","2020-10-12T06:56:19.000Z","","","GA-00000077","0050Y000002b7vuQAA","2020-10-12T06:56:19.000Z"
"a0Y1n00000JMDAWEA5","0050Y000002b7vuQAA","2020-10-12T12:03:15.000Z","a0j1n00000BDAaqAAH","a0a1n00000DWvbnAAD","false","0050Y000002b7vuQAA","2020-10-12T12:03:15.000Z","","","GA-00000078","0050Y000002b7vuQAA","2020-10-12T12:03:15.000Z"
"a0Y1n00000JMGbzEAH","0050Y000002b7vuQAA","2020-10-13T14:21:21.000Z","a0j1n00000BDAaqAAH","a0a1n00000DX3JUAA1","false","0050Y000002b7vuQAA","2020-10-13T14:21:21.000Z","","","GA-00000079","0050Y000002b7vuQAA","2020-10-13T14:21:21.000Z"
"a0Y1n00000JMUWDEA5","0050Y000002b7vuQAA","2020-10-19T16:09:25.000Z","a0j1n00000BDAaqAAH","a0a1n00000DkNxCAAV","false","0050Y000002b7vuQAA","2020-10-19T16:09:25.000Z","","","GA-00000080","0050Y000002b7vuQAA","2020-10-19T16:09:25.000Z"
"a0Y1n00000JMenAEAT","0050Y000002b7vuQAA","2020-10-23T09:33:00.000Z","a0j1n00000BDAarAAH","a0a1n00000DklM8AAJ","false","0050Y000002b7vuQAA","2020-10-23T09:33:00.000Z","","","GA-00000081","0050Y000002b7vuQAA","2020-10-23T09:33:00.000Z"
"a0Y1n00000JMmZHEA1","0050Y000002b7vuQAA","2020-10-27T08:51:50.000Z","a0j1n00000BDAb4AAH","a0a1n00000DlBo1AAF","false","0050Y000002b7vuQAA","2020-10-27T08:51:50.000Z","","","GA-00000082","0050Y000002b7vuQAA","2020-10-27T08:51:50.000Z"
"a0Y1n00000JMtBSEA1","0050Y000002b7vuQAA","2020-10-29T08:13:07.000Z","a0j1n00000BDAb4AAH","a0a1n00000DlSYpAAN","false","0050Y000002b7vuQAA","2020-10-29T08:13:07.000Z","","","GA-00000083","0050Y000002b7vuQAA","2020-10-29T08:13:07.000Z"
"a0Y1n00000JN7vIEAT","0050Y000002b7vuQAA","2020-11-04T08:24:46.000Z","a0j1n00000BDAarAAH","a0a1n00000Dm8AhAAJ","false","0050Y000002b7vuQAA","2020-11-04T08:24:46.000Z","","","GA-00000084","0050Y000002b7vuQAA","2020-11-04T08:24:46.000Z"
"a0Y1n00000JNFZWEA5","0050Y000002b7vuQAA","2020-11-06T16:34:08.000Z","a0j1n00000BDAarAAH","a0a1n00000DmTIeAAN","false","0050Y000002b7vuQAA","2020-11-06T16:34:08.000Z","","","GA-00000085","0050Y000002b7vuQAA","2020-11-06T16:34:08.000Z"
"a0Y1n00000JNKCoEAP","0050Y000002b7vuQAA","2020-11-09T13:43:52.000Z","a0j1n00000BDAarAAH","a0a1n00000DmhGDAAZ","false","0050Y000002b7vuQAA","2020-11-09T13:43:52.000Z","","","GA-00000086","0050Y000002b7vuQAA","2020-11-09T13:43:52.000Z"
"a0Y1n00000JNezmEAD","0050Y000002b7vuQAA","2020-11-17T18:03:58.000Z","a0j1n00000BDAarAAH","a0a1n00000Dnh1SAAR","false","0050Y000002b7vuQAA","2020-11-17T18:03:58.000Z","","","GA-00000087","0050Y000002b7vuQAA","2020-11-17T18:03:58.000Z"
"a0Y1n00000JORhdEAH","0050Y000002b7vuQAA","2020-12-03T10:45:03.000Z","a0j1n00000BDAarAAH","a0a1n00000DxtZWAAZ","false","0050Y000002b7vuQAA","2020-12-03T10:45:03.000Z","","","GA-00000088","0050Y000002b7vuQAA","2020-12-03T10:45:03.000Z"
"a0Y1n00000JObaoEAD","0050Y000002b7vuQAA","2020-12-07T15:50:57.000Z","a0j1n00000BDAaqAAH","a0a1n00000DyMqsAAF","false","0050Y000002b7vuQAA","2020-12-07T15:50:57.000Z","","","GA-00000090","0050Y000002b7vuQAA","2020-12-07T15:50:57.000Z"
"a0Y1n00000JObb3EAD","0050Y000002b7vuQAA","2020-12-07T15:51:06.000Z","a0j1n00000BDAaqAAH","a0a1n00000DyMqtAAF","false","0050Y000002b7vuQAA","2020-12-07T15:51:06.000Z","","","GA-00000091","0050Y000002b7vuQAA","2020-12-07T15:51:06.000Z"
"a0Y1n00000JObauEAD","0050Y000002b7vuQAA","2020-12-07T15:51:21.000Z","a0j1n00000BDAarAAH","a0a1n00000DyMqxAAF","false","0050Y000002b7vuQAA","2020-12-07T15:51:21.000Z","","","GA-00000092","0050Y000002b7vuQAA","2020-12-07T15:51:21.000Z"
"a0Y1n00000JOlf6EAD","0050Y000002b7vuQAA","2020-12-10T11:32:02.000Z","a0j1n00000BDAarAAH","a0a1n00000Dyks3AAB","false","0050Y000002b7vuQAA","2020-12-10T11:32:02.000Z","","","GA-00000093","0050Y000002b7vuQAA","2020-12-10T11:32:02.000Z"
"a0Y1n00000Jep7qEAB","0050Y000002b7vuQAA","2021-03-10T12:23:08.000Z","a0j1n00000BDAarAAH","a0a1n00000Eo5hZAAR","false","0050Y000002b7vuQAA","2021-03-10T12:23:08.000Z","","","GA-00000094","0050Y000002b7vuQAA","2021-03-10T12:23:08.000Z"
"a0Y1n00000JeqLHEAZ","0050Y000002b7vuQAA","2021-03-10T18:30:32.000Z","a0j1n00000BDAb4AAH","a0a1n00000EoC0wAAF","false","0050Y000002b7vuQAA","2021-03-10T18:30:32.000Z","","","GA-00000095","0050Y000002b7vuQAA","2021-03-10T18:30:32.000Z"
"a0Y1n00000Jet25EAB","0050Y000002b7vuQAA","2021-03-11T11:36:48.000Z","a0j1n00000BDAaqAAH","a0a1n00000EoUpnAAF","false","0050Y000002b7vuQAA","2021-03-11T11:36:48.000Z","","","GA-00000096","0050Y000002b7vuQAA","2021-03-11T11:36:48.000Z"
"a0Y1n00000Jf13xEAB","0050Y000002b7vuQAA","2021-03-15T11:37:22.000Z","a0j1n00000BDAarAAH","a0a1n00000EtwOrAAJ","false","0050Y000002b7vuQAA","2021-03-15T11:38:59.000Z","","","GA-00000097","0050Y000002b7vuQAA","2021-03-15T11:38:59.000Z"
"a0Y1n00000JfFHvEAN","0050Y000002b7vuQAA","2021-03-19T10:36:48.000Z","a0j1n00000BDAarAAH","a0a1n00000EuVjiAAF","false","0050Y000002b7vuQAA","2021-03-19T10:36:48.000Z","","","GA-00000098","0050Y000002b7vuQAA","2021-03-19T10:36:48.000Z"
"a0Y1n00000JfPduEAF","0050Y000002b7vuQAA","2021-03-23T11:52:16.000Z","a0j1n00000BDAb4AAH","a0a1n00000Ev19EAAR","false","0050Y000002b7vuQAA","2021-03-23T11:52:16.000Z","","","GA-00000099","0050Y000002b7vuQAA","2021-03-23T11:52:16.000Z"
"a0Y1n00000JfhKsEAJ","0050Y000002b7vuQAA","2021-03-29T10:48:15.000Z","a0j1n00000BDAarAAH","a0a1n00000EvoQfAAJ","false","0050Y000002b7vuQAA","2021-03-29T10:48:15.000Z","","","GA-00000100","0050Y000002b7vuQAA","2021-03-29T10:48:15.000Z"
"a0Y1n00000Jflm0EAB","0050Y000002b7vuQAA","2021-03-30T13:42:43.000Z","a0j1n00000BDAb4AAH","a0a1n00000EvyfTAAR","false","0050Y000002b7vuQAA","2021-03-30T13:42:43.000Z","","","GA-00000101","0050Y000002b7vuQAA","2021-03-30T13:42:43.000Z"
"a0Y1n00000Jg6wkEAB","0050Y000002b7vuQAA","2021-04-06T10:30:08.000Z","a0j1n00000BDAarAAH","a0a1n00000Ex1F0AAJ","false","0050Y000002b7vuQAA","2021-04-06T10:30:08.000Z","","","GA-00000102","0050Y000002b7vuQAA","2021-04-06T10:30:08.000Z"
"a0Y1n00000Jg8BCEAZ","0050Y000002b7vuQAA","2021-04-06T16:34:20.000Z","a0j1n00000BDAaqAAH","a0a1n00000Ex7jgAAB","false","0050Y000002b7vuQAA","2021-04-06T16:36:53.000Z","","","GA-00000103","0050Y000002b7vuQAA","2021-04-06T16:36:53.000Z"
"a0Y1n00000JgEQCEA3","0050Y000002b7vuQAA","2021-04-08T10:34:02.000Z","a0j1n00000BDAaqAAH","a0a1n00000F1UnBAAV","false","0050Y000002b7vuQAA","2021-04-08T10:34:02.000Z","","","GA-00000104","0050Y000002b7vuQAA","2021-04-08T10:34:02.000Z"
"a0Y1n00000JgFJbEAN","0050Y000002b7vuQAA","2021-04-08T14:18:21.000Z","a0j1n00000BDAarAAH","a0a1n00000F1VoqAAF","false","0050Y000002b7vuQAA","2021-04-08T14:18:21.000Z","","","GA-00000105","0050Y000002b7vuQAA","2021-04-08T14:18:21.000Z"
"a0Y1n00000JgFZ0EAN","0050Y000001TnJ2QAK","2021-04-08T15:49:52.000Z","a0j1n00000BDAaqAAH","a0a1n00000F1bHOAAZ","false","0050Y000001TnJ2QAK","2021-04-08T15:49:52.000Z","","","GA-00000106","0050Y000001TnJ2QAK","2021-04-08T15:49:52.000Z"
"a0Y1n00000JgIIREA3","0050Y000001TnJ2QAK","2021-04-09T15:09:11.000Z","a0j1n00000BDAaqAAH","a0a1n00000F1dxGAAR","false","0050Y000001TnJ2QAK","2021-04-09T15:09:11.000Z","","","GA-00000107","0050Y000001TnJ2QAK","2021-04-09T15:09:11.000Z"
"a0Y1n00000JgIKDEA3","0050Y000001TnJ2QAK","2021-04-09T15:22:17.000Z","a0j1n00000BDAarAAH","a0a1n00000F1jBmAAJ","false","0050Y000001TnJ2QAK","2021-04-09T15:22:17.000Z","","","GA-00000108","0050Y000001TnJ2QAK","2021-04-09T15:22:17.000Z"
"a0Y1n00000JgNL7EAN","0050Y000001TnJ2QAK","2021-04-12T09:27:24.000Z","a0j1n00000BDAb4AAH","a0a1n00000F1yKmAAJ","false","0050Y000001TnJ2QAK","2021-04-12T09:27:24.000Z","","","GA-00000109","0050Y000001TnJ2QAK","2021-04-12T09:27:24.000Z"
"a0Y1n00000JgNZEEA3","0050Y000001TnJ2QAK","2021-04-12T10:10:38.000Z","a0j1n00000BDAaqAAH","a0a1n00000F1yVcAAJ","false","0050Y000001TnJ2QAK","2021-04-12T10:10:38.000Z","","","GA-00000110","0050Y000001TnJ2QAK","2021-04-12T10:10:38.000Z"
"a0Y1n00000JgRDlEAN","0050Y000002b7vuQAA","2021-04-13T09:54:17.000Z","a0j1n00000BDAb4AAH","a0a1n00000F26rYAAR","false","0050Y000002b7vuQAA","2021-04-13T09:54:17.000Z","","","GA-00000111","0050Y000002b7vuQAA","2021-04-13T09:54:17.000Z"
"a0Y1n00000JgcNaEAJ","0050Y000002b7vuQAA","2021-04-16T11:18:49.000Z","a0j1n00000BDAb4AAH","a0a1n00000F2WyUAAV","false","0050Y000002b7vuQAA","2021-04-16T11:18:49.000Z","","","GA-00000112","0050Y000002b7vuQAA","2021-04-16T11:18:49.000Z"
"a0Y1n00000Jgi6tEAB","0050Y000002b7vuQAA","2021-04-19T12:27:53.000Z","a0j1n00000BDAb4AAH","a0a1n00000F2sstAAB","false","0050Y000002b7vuQAA","2021-04-19T12:27:53.000Z","","","GA-00000113","0050Y000002b7vuQAA","2021-04-19T12:27:53.000Z"
"a0Y1n00000JgiAMEAZ","0050Y000002b7vuQAA","2021-04-19T12:41:41.000Z","a0j1n00000BDAarAAH","a0a1n00000F2svZAAR","false","0050Y000002b7vuQAA","2021-04-19T12:41:41.000Z","","","GA-00000114","0050Y000002b7vuQAA","2021-04-19T12:41:41.000Z"
"a0Y1n00000JgqMcEAJ","0050Y000002b7vuQAA","2021-04-21T09:37:09.000Z","a0j1n00000BDAb4AAH","a0a1n00000F3B7iAAF","false","0050Y000002b7vuQAA","2021-04-21T09:37:09.000Z","","","GA-00000115","0050Y000002b7vuQAA","2021-04-21T09:37:09.000Z"
"a0Y1n00000Jgrg4EAB","0050Y000002b7vuQAA","2021-04-21T16:47:04.000Z","a0j1n00000BDAaqAAH","a0a1n00000F3I2dAAF","false","0050Y000002b7vuQAA","2021-04-21T16:47:04.000Z","","","GA-00000116","0050Y000002b7vuQAA","2021-04-21T16:47:04.000Z"
"a0Y1n00000JgvD7EAJ","0050Y000002b7vuQAA","2021-04-22T14:47:38.000Z","a0j1n00000BDAarAAH","a0a1n00000F3M7BAAV","false","0050Y000002b7vuQAA","2021-04-22T14:47:38.000Z","","","GA-00000117","0050Y000002b7vuQAA","2021-04-22T14:47:38.000Z"
"a0Y1n00000Jgxu0EAB","0050Y000002b7vuQAA","2021-04-23T11:15:20.000Z","a0j1n00000BDAaqAAH","a0a1n00000F3UrlAAF","false","0050Y000002b7vuQAA","2021-04-23T11:15:20.000Z","","","GA-00000118","0050Y000002b7vuQAA","2021-04-23T11:15:20.000Z"
"a0Y1n00000JgxuAEAR","0050Y000002b7vuQAA","2021-04-23T11:16:55.000Z","a0j1n00000BDAb4AAH","a0a1n00000F3UrmAAF","false","0050Y000002b7vuQAA","2021-04-23T11:16:55.000Z","","","GA-00000119","0050Y000002b7vuQAA","2021-04-23T11:16:55.000Z"
"a0Y1n00000Jtf2DEAR","0050Y000002b7vuQAA","2021-04-26T19:59:11.000Z","a0j1n00000BDAb4AAH","a0a1n00000F3y6TAAR","false","0050Y000002b7vuQAA","2021-04-26T19:59:11.000Z","","","GA-00000120","0050Y000002b7vuQAA","2021-04-26T19:59:11.000Z"
"a0Y1n00000JthssEAB","0050Y000002b7vuQAA","2021-04-27T12:37:23.000Z","a0j1n00000BDAb4AAH","a0a1n00000F40fMAAR","false","0050Y000002b7vuQAA","2021-04-27T12:37:23.000Z","","","GA-00000121","0050Y000002b7vuQAA","2021-04-27T12:37:23.000Z"
"a0Y1n00000JthuFEAR","0050Y000002b7vuQAA","2021-04-27T12:40:09.000Z","a0j1n00000BDAaqAAH","a0a1n00000F40gUAAR","false","0050Y000002b7vuQAA","2021-04-27T12:40:09.000Z","","","GA-00000122","0050Y000002b7vuQAA","2021-04-27T12:40:09.000Z"
"a0Y1n00000JtkYIEAZ","0050Y000002b7vuQAA","2021-04-28T07:58:36.000Z","a0j1n00000BDAaqAAH","a0a1n00000F488yAAB","false","0050Y000002b7vuQAA","2021-04-28T07:58:36.000Z","","","GA-00000123","0050Y000002b7vuQAA","2021-04-28T07:58:36.000Z"
"a0Y1n00000JtrvFEAR","0050Y000002b7vuQAA","2021-04-30T12:13:20.000Z","a0j1n00000BDAarAAH","a0a1n00000F4Q6YAAV","false","0050Y000002b7vuQAA","2021-04-30T12:13:20.000Z","","","GA-00000124","0050Y000002b7vuQAA","2021-04-30T12:13:20.000Z"
"a0Y1n00000Jtz11EAB","0050Y000002b7vuQAA","2021-05-03T10:55:20.000Z","a0j1n00000BDAaqAAH","a0a1n00000F4l7yAAB","false","0050Y000002b7vuQAA","2021-05-03T10:55:20.000Z","","","GA-00000125","0050Y000002b7vuQAA","2021-05-03T10:55:20.000Z"
"a0Y1n00000JuAiBEAV","0050Y000002b7vuQAA","2021-05-06T12:35:54.000Z","a0j1n00000BDAarAAH","a0a1n00000F5BMSAA3","false","0050Y000002b7vuQAA","2021-05-06T12:35:54.000Z","","","GA-00000126","0050Y000002b7vuQAA","2021-05-06T12:35:54.000Z"
"a0Y1n00000JuBNjEAN","0050Y000002b7vuQAA","2021-05-06T16:03:26.000Z","a0j1n00000BDAaqAAH","a0a1n00000F5HE9AAN","false","0050Y000002b7vuQAA","2021-05-06T16:03:26.000Z","","","GA-00000127","0050Y000002b7vuQAA","2021-05-06T16:03:26.000Z"
"a0Y1n00000JuW3SEAV","0050Y000002b7vuQAA","2021-05-13T10:27:43.000Z","a0j1n00000BDAarAAH","a0a1n00000FR5urAAD","false","0050Y000002b7vuQAA","2021-05-13T10:27:43.000Z","","","GA-00000128","0050Y000002b7vuQAA","2021-05-13T10:27:43.000Z"
"a0Y1n00000JuZ6kEAF","0050Y000002b7vuQAA","2021-05-14T12:22:48.000Z","a0j1n00000BDAaqAAH","a0a1n00000FRE2BAAX","false","0050Y000002b7vuQAA","2021-05-14T12:22:48.000Z","","","GA-00000129","0050Y000002b7vuQAA","2021-05-14T12:22:48.000Z"
"a0Y1n00000JuZBuEAN","0050Y000002b7vuQAA","2021-05-14T12:47:31.000Z","a0j1n00000BDAarAAH","a0a1n00000FRE6jAAH","false","0050Y000002b7vuQAA","2021-05-14T12:47:31.000Z","","","GA-00000130","0050Y000002b7vuQAA","2021-05-14T12:47:31.000Z"
"a0Y1n00000JuhE4EAJ","0050Y000001TnJ2QAK","2021-05-18T10:20:25.000Z","a0j1n00000BDAb4AAH","a0a1n00000FRhwQAAT","false","0050Y000001TnJ2QAK","2021-05-18T10:20:25.000Z","","","GA-00000131","0050Y000001TnJ2QAK","2021-05-18T10:20:25.000Z"
"a0Y1n00000JulE0EAJ","0050Y000002b7vuQAA","2021-05-19T11:33:39.000Z","a0j1n00000BDAaqAAH","a0a1n00000FRqtNAAT","false","0050Y000002b7vuQAA","2021-05-19T11:37:18.000Z","","","GA-00000132","0050Y000002b7vuQAA","2021-05-19T11:37:18.000Z"
"a0Y1n00000JupcvEAB","0050Y000002b7vuQAA","2021-05-20T15:58:49.000Z","a0j1n00000BDAaqAAH","a0a1n00000FS5ehAAD","false","0050Y000002b7vuQAA","2021-05-20T15:58:49.000Z","","","GA-00000134","0050Y000002b7vuQAA","2021-05-20T15:58:49.000Z"
"a0Y1n00000JuscpEAB","0050Y000002b7vuQAA","2021-05-21T15:18:11.000Z","a0j1n00000BDAaqAAH","a0a1n00000FS89GAAT","false","0050Y000002b7vuQAA","2021-05-21T15:18:11.000Z","","","GA-00000135","0050Y000002b7vuQAA","2021-05-21T15:18:11.000Z"
"a0Y1n00000JuxuFEAR","0050Y000002b7vuQAA","2021-05-24T14:56:23.000Z","a0j1n00000BDAaqAAH","a0a1n00000FST84AAH","false","0050Y000002b7vuQAA","2021-05-24T14:56:23.000Z","","","GA-00000136","0050Y000002b7vuQAA","2021-05-24T14:56:23.000Z"
"a0Y1n00000Jv4otEAB","0050Y000002b7vuQAA","2021-05-26T12:05:05.000Z","a0j1n00000BDAaqAAH","a0a1n00000FSjX4AAL","false","0050Y000002b7vuQAA","2021-05-26T12:05:05.000Z","","","GA-00000137","0050Y000002b7vuQAA","2021-05-26T12:05:05.000Z"
"a0Y1n00000JvcjTEAR","0050Y000002b7vuQAA","2021-06-03T16:53:59.000Z","a0j1n00000BDAaqAAH","a0a1n00000FTuYaAAL","false","0050Y000002b7vuQAA","2021-06-03T16:53:59.000Z","","","GA-00000138","0050Y000002b7vuQAA","2021-06-03T16:53:59.000Z"
"a0Y1n00000Jvck2EAB","0050Y000002b7vuQAA","2021-06-03T16:59:41.000Z","a0j1n00000BDAb4AAH","a0a1n00000FTuYpAAL","false","0050Y000002b7vuQAA","2021-06-03T16:59:41.000Z","","","GA-00000139","0050Y000002b7vuQAA","2021-06-03T16:59:41.000Z"
"a0Y1n00000JvgD8EAJ","0050Y000002b7vuQAA","2021-06-04T12:18:37.000Z","a0j1n00000BDAarAAH","a0a1n00000FTx24AAD","false","0050Y000002b7vuQAA","2021-06-04T12:18:37.000Z","","","GA-00000140","0050Y000002b7vuQAA","2021-06-04T12:18:37.000Z"
"a0Y1n00000Jvm9tEAB","0050Y000002b7vuQAA","2021-06-07T08:28:15.000Z","a0j1n00000BDAaqAAH","a0a1n00000FUIRSAA5","false","0050Y000002b7vuQAA","2021-06-07T08:28:15.000Z","","","GA-00000141","0050Y000002b7vuQAA","2021-06-07T08:28:15.000Z"
"a0Y1n00000JvuWbEAJ","0050Y000002b7vuQAA","2021-06-09T07:19:38.000Z","a0j1n00000BDAaqAAH","a0a1n00000FUajhAAD","false","0050Y000002b7vuQAA","2021-06-09T07:19:38.000Z","","","GA-00000142","0050Y000002b7vuQAA","2021-06-09T07:19:38.000Z"
"a0Y1n00000JvuYhEAJ","0050Y000002b7vuQAA","2021-06-11T08:37:34.000Z","a0j1n00000BDAaqAAH","a0a1n00000FUr1dAAD","false","0050Y000002b7vuQAA","2021-06-11T08:37:34.000Z","","","GA-00000143","0050Y000002b7vuQAA","2021-06-11T08:37:34.000Z"
"a0Y1n00000JwKOcEAN","0050Y000002b7vuQAA","2021-06-16T13:45:34.000Z","a0j1n00000BDAb4AAH","a0a1n00000Fi3B1AAJ","false","0050Y000002b7vuQAA","2021-06-16T13:45:34.000Z","","","GA-00000144","0050Y000002b7vuQAA","2021-06-16T13:45:34.000Z"
"a0Y1n00000JwdZMEAZ","0050Y000002b7vuQAA","2021-06-22T11:14:19.000Z","a0j1n00000BDAb4AAH","a0a1n00000FimkJAAR","false","0050Y000002b7vuQAA","2021-06-22T11:14:19.000Z","","","GA-00000145","0050Y000002b7vuQAA","2021-06-22T11:14:19.000Z"
"a0Y1n00000JwsQiEAJ","0050Y000002b7vuQAA","2021-06-25T14:04:50.000Z","a0j1n00000BDAaqAAH","a0a1n00000FjBnXAAV","false","0050Y000002b7vuQAA","2021-06-25T14:04:50.000Z","","","GA-00000146","0050Y000002b7vuQAA","2021-06-25T14:04:50.000Z"
"a0Y1n00000JxA46EAF","0050Y000002b7vuQAA","2021-06-30T17:23:24.000Z","a0j1n00000BDAaqAAH","a0a1n00000FjqMgAAJ","false","0050Y000002b7vuQAA","2021-06-30T17:23:24.000Z","","","GA-00000147","0050Y000002b7vuQAA","2021-06-30T17:23:24.000Z"
"a0Y1n00000JxNUMEA3","0050Y000002b7vuQAA","2021-07-05T07:52:02.000Z","a0j1n00000BDAb4AAH","a0a1n00000FkETUAA3","false","0050Y000002b7vuQAA","2021-07-05T07:59:53.000Z","","","GA-00000148","0050Y000002b7vuQAA","2021-07-05T07:59:53.000Z"
"a0Y1n00000JxToyEAF","0050Y000002b7vuQAA","2021-07-06T10:30:29.000Z","a0j1n00000BDAarAAH","a0a1n00000FkLKNAA3","false","0050Y000002b7vuQAA","2021-07-06T10:30:29.000Z","","","GA-00000149","0050Y000002b7vuQAA","2021-07-06T10:30:29.000Z"
"a0Y1n00000K79YwEAJ","0050Y000002b7vuQAA","2021-07-29T08:55:29.000Z","a0j1n00000BDAb4AAH","a0a1n00000FujjqAAB","false","0050Y000002b7vuQAA","2021-07-29T08:55:29.000Z","","","GA-00000150","0050Y000002b7vuQAA","2021-07-29T08:55:29.000Z"
"a0Y1n00000K5fDcEAJ","0050Y000002b7vuQAA","2021-10-05T10:01:43.000Z","a0j1n00000BDAarAAH","a0a1n00000GAc5CAAT","false","0050Y000002b7vuQAA","2021-10-05T10:01:43.000Z","","","GA-00000151","0050Y000002b7vuQAA","2021-10-05T10:01:43.000Z"
"a0Y1n00000K5oQBEAZ","0050Y000002b7vuQAA","2021-10-07T08:16:08.000Z","a0j1n00000BDAb4AAH","a0a1n00000GAivfAAD","false","0050Y000002b7vuQAA","2021-10-07T08:16:08.000Z","","","GA-00000152","0050Y000002b7vuQAA","2021-10-07T08:16:08.000Z"
"a0Y1n00000KEcLfEAL","0050Y000002b7vuQAA","2021-10-13T13:36:21.000Z","a0j1n00000BDAarAAH","a0a1n00000GNqIhAAL","false","0050Y000002b7vuQAA","2021-10-13T13:37:12.000Z","","","GA-00000153","0050Y000002b7vuQAA","2021-10-13T13:37:12.000Z"
"a0Y1n00000KEhdBEAT","0050Y000002b7vuQAA","2021-10-14T12:31:14.000Z","a0j1n00000BDAaqAAH","a0a1n00000GNuPXAA1","false","0050Y000002b7vuQAA","2021-10-14T12:31:14.000Z","","","GA-00000154","0050Y000002b7vuQAA","2021-10-14T12:31:14.000Z"
"a0Y07000000CmZuEAK","0050Y000002b7vuQAA","2022-03-24T11:18:18.000Z","a0j1n00000BDAaqAAH","a0a0700000060gXAAQ","false","0050Y000002b7vuQAA","2022-03-24T11:18:18.000Z","","","GA-00000155","0050Y000002b7vuQAA","2022-03-24T11:18:18.000Z"
