<?xml version="1.0" encoding="UTF-8"?>
<Package xmlns="http://soap.sforce.com/2006/04/metadata">
    <types>
        <members>AccessTokenResource</members>
        <members>AccessTokenResourceTest</members>
        <members>AnswerData</members>
        <members>AppInfoData</members>
        <members>AppInfoResource</members>
        <members>AppInfoResourceTest</members>
        <members>Article</members>
        <members>ArticleComment</members>
        <members>ArticleLike</members>
        <members>ArticleResource</members>
        <members>ArticleResourceTest</members>
        <members>ArticleView</members>
        <members>BarChartBarData</members>
        <members>BarChartData</members>
        <members>Brit</members>
        <members>BritAreaKpi</members>
        <members>BritKpi</members>
        <members>BritResource</members>
        <members>BritResourceTest</members>
        <members>BritResult</members>
        <members>BritResultResource</members>
        <members>BubbleChartData</members>
        <members>BubbleChartDotData</members>
        <members>BubbleChartLabelsData</members>
        <members>ChatResource</members>
        <members>ChatResourceTest</members>
        <members>ChatUtils</members>
        <members>CustomAuthentication</members>
        <members>CustomAuthenticationTest</members>
        <members>CustomResponse</members>
        <members>CustomTimeSeriesChart</members>
        <members>CustomTimeSeriesChartSerie</members>
        <members>CustomTimeSeriesChartSerieValue</members>
        <members>DealerDashboardResource</members>
        <members>DealerDashboardResourceTest</members>
        <members>DealerMoreResultsResource</members>
        <members>DealerMoreResultsResourceTest</members>
        <members>GroupData</members>
        <members>ManagerDashboardResource</members>
        <members>ManagerDashboardResourceTest</members>
        <members>ManagerHomeResource</members>
        <members>ManagerHomeResourceTest</members>
        <members>ManagerInsightResource</members>
        <members>ManagerInsightResourceTest</members>
        <members>ManagerMoreResultsResource</members>
        <members>ManagerMoreResultsResourceTest</members>
        <members>ManagerSuggestionsResource</members>
        <members>ManagerSuggestionsResourceTest</members>
        <members>NotificationData</members>
        <members>NotificationResource</members>
        <members>NotificationResourceTest</members>
        <members>PasswordResetResource</members>
        <members>PasswordResetResourceTest</members>
        <members>QCloudFunctions</members>
        <members>QCustomPeriod</members>
        <members>QuestionData</members>
        <members>QuestionOptionData</members>
        <members>QuestionResource</members>
        <members>QuestionResourceTest</members>
        <members>RCCModelsTest</members>
        <members>RCCUtils</members>
        <members>RCCUtilsTest</members>
        <members>RefreshTokenResource</members>
        <members>RefreshTokenResourceTest</members>
        <members>UserData</members>
        <members>UserResource</members>
        <members>UserResourceTest</members>
        <members>UtenteChatUtils</members>
        <name>ApexClass</name>
    </types>
    <version>55.0</version>
</Package>
