<?xml version="1.0" encoding="UTF-8"?>
<Package xmlns="http://soap.sforce.com/2006/04/metadata">
    <types>
        <members>BRiT_Risultati_con_KPI_e_Aree</members>
        <members>Risposte_Domande_Raggruppamenti</members>
        <name>ReportType</name>
    </types>
    <types>
        <members>ONEToyota/Articoli_visualizzazioni_e_like</members>
        <members>ONEToyota/Copia_di_ONEToyota_TL_DashInsig_9FF</members>
        <members>ONEToyota/Marchi_Utenti_Gruppi_Con_Utenti_Custom_SQp</members>
        <members>ONEToyota/ONEToyota_Accessi_Dealer_xMa</members>
        <members>ONEToyota/ONEToyota_Accessi_lsM</members>
        <members>ONEToyota/ONEToyota_Accessi_Manager_UW0</members>
        <members>ONEToyota/ONEToyota_Accessi_Manager_X_GG_nyp</members>
        <members>ONEToyota/ONEToyota_Accessi_tutti_M1P</members>
        <members>ONEToyota/ONEToyota_BRiT_Lexus_Agosto_2021_QYb</members>
        <members>ONEToyota/ONEToyota_BRiT_Lexus_Giugno_2021_ebe</members>
        <members>ONEToyota/ONEToyota_BRiT_Lexus</members>
        <members>ONEToyota/ONEToyota_BRiT_Results_v1</members>
        <members>ONEToyota/ONEToyota_BRiT_Toyota_Agosto_9iG</members>
        <members>ONEToyota/ONEToyota_BRiT_Toyota_Giugno_2021_Q4g</members>
        <members>ONEToyota/ONEToyota_BRiT_Toyota</members>
        <members>ONEToyota/ONEToyota_Commenti_per_Dealer_Toyota_zhD</members>
        <members>ONEToyota/ONEToyota_Lexus_Business_con_Casa_1Qf</members>
        <members>ONEToyota/ONEToyota_Lexus_Commenti_kBc</members>
        <members>ONEToyota/ONEToyota_Lexus_Dealer_Motivation_91o</members>
        <members>ONEToyota/ONEToyota_Lexus_Risultati_54G</members>
        <members>ONEToyota/ONEToyota_Risposte_Dealel_NIZ</members>
        <members>ONEToyota/ONEToyota_Risultati_per_Dealer_Lexus_hvD</members>
        <members>ONEToyota/ONEToyota_Risultati_per_Dealer_Toyota</members>
        <members>ONEToyota/ONEToyota_solo_TMI_Risultati_w8W</members>
        <members>ONEToyota/ONEToyota_TMI_Commenti_dSn</members>
        <members>ONEToyota/ONEToyota_TMI_DashInsig_ZLo</members>
        <members>ONEToyota/ONEToyota_Toyota_Business_con_Casa_Cq3</members>
        <members>ONEToyota/ONEToyota_Toyota_Dealer_Motivation_qQh</members>
        <members>ONEToyota/OneToyota_Utenti_Gruppi</members>
        <members>ONEToyota/TMI_P4O</members>
        <members>ONEToyota/TMI_RCC_Accessi_Utente_Eno</members>
        <members>ONEToyota/TMI_RCC_Accessi_Utente_per_Giorno_x2A</members>
        <members>ONEToyota/TMI_RCC_Per_Giorno_Accessi_Utente_kpr</members>
        <members>ONEToyota/TMI_RCC_Risposte_Domande_Toyota_mI9</members>
        <members>ONEToyota/TMI_RCC_Risposte_Indici_Toyota</members>
        <members>ONEToyota/TMI_RCC_Utenti_Custom_per_Gruppo</members>
        <members>ONEToyota/TMI_RCC_X_Giorno_Accessi_Utente_NonCon_bQc</members>
        <name>Report</name>
    </types>
    <types>
        <members>TMIRCC/znimmaslIsvbqUtBfPgaVGPAOmYRRS</members>
        <members>TMIRCC/EqCdYWeVsJewixTiKhlDTAkKPWBnWk</members>
        <name>Dashboard</name>
    </types>
    <version>55.0</version>
</Package>
